id,y_true,y_pred,absolute_error
1734419769.498037,126.0,178.36563218463417,52.365632184634165
1734419779.534214,53.0,116.22357073469361,63.22357073469361
1734419789.553014,151.0,164.48803383176866,13.48803383176866
1734419799.570416,65.0,99.7376248784888,34.7376248784888
1734419809.605278,246.0,231.55903987256556,14.440960127434437
